sw4379B-ms98-a-0002,0.500375,0.852000,uh-huh,B,ny,u-2-1
sw4379B-ms98-a-0002,1.551875,1.681000,do,B,%,u-2-2
sw4379B-ms98-a-0002,1.681000,1.885625,you,I,%,u-2-2
sw4379B-ms98-a-0004,6.805875,6.958250,we,B,sd,u-4-1
sw4379B-ms98-a-0004,6.958250,7.198250,have,I,sd,u-4-1
sw4379B-ms98-a-0004,7.198250,7.288250,a,I,sd,u-4-1
sw4379B-ms98-a-0004,7.288250,7.608250,very,I,sd,u-4-1
sw4379B-ms98-a-0004,7.608250,8.145250,detailed,I,sd,u-4-1
sw4379B-ms98-a-0004,8.182875,8.598250,budget,I,sd,u-4-1
sw4379B-ms98-a-0004,8.598250,8.908250,because,I,sd,u-4-1
sw4379B-ms98-a-0004,8.908250,9.058250,my,I,sd,u-4-1
sw4379B-ms98-a-0004,9.058250,9.508250,husband,I,sd,u-4-1
sw4379B-ms98-a-0004,9.508250,9.628250,is,I,sd,u-4-1
sw4379B-ms98-a-0004,9.628250,9.698250,a,I,sd,u-4-1
sw4379B-ms98-a-0004,9.698250,10.207875,finance,I,sd,u-4-1
sw4379B-ms98-a-0004,10.695625,11.168250,major,I,sd,u-4-1
sw4379B-ms98-a-0005,12.112750,12.551875,and,B,sd,u-6-1
sw4379B-ms98-a-0005,12.939875,13.173500,we,I,sd,u-6-1
sw4379B-ms98-a-0005,13.173500,13.686875,have,I,sd,u-6-1
sw4379B-ms98-a-0006,14.844750,14.917375,you,I,sd,u-6-1
sw4379B-ms98-a-0006,14.917375,15.133625,know,I,sd,u-6-1
sw4379B-ms98-a-0006,15.457375,15.547375,we,I,sd,u-6-1
sw4379B-ms98-a-0006,15.547375,15.795500,have,I,sd,u-6-1
sw4379B-ms98-a-0006,15.877375,16.227375,money,I,sd,u-6-1
sw4379B-ms98-a-0006,16.227375,16.377375,that,I,sd,u-6-1
sw4379B-ms98-a-0006,16.377375,16.667375,we,I,sd,u-6-1
sw4379B-ms98-a-0006,16.667375,16.967375,take,I,sd,u-6-1
sw4379B-ms98-a-0006,16.967375,17.207375,out,I,sd,u-6-1
sw4379B-ms98-a-0006,17.207375,17.417375,each,I,sd,u-6-1
sw4379B-ms98-a-0006,17.417375,17.697375,month,I,sd,u-6-1
sw4379B-ms98-a-0006,17.697375,17.837375,that,I,sd,u-6-1
sw4379B-ms98-a-0006,17.837375,18.165750,we,I,sd,u-6-1
sw4379B-ms98-a-0006,18.655375,19.057375,um,I,sd,u-6-1
sw4379B-ms98-a-0006,19.447375,19.527375,you,I,sd,u-6-1
sw4379B-ms98-a-0006,19.527375,19.607375,know,I,sd,u-6-1
sw4379B-ms98-a-0006,19.607375,19.757375,for,I,sd,u-6-1
sw4379B-ms98-a-0006,19.757375,20.257375,food,I,sd,u-6-1
sw4379B-ms98-a-0006,20.257375,20.447375,and,I,sd,u-6-1
sw4379B-ms98-a-0006,20.447375,20.767375,and,I,sd,u-6-1
sw4379B-ms98-a-0006,20.767375,21.107375,for,I,sd,u-6-1
sw4379B-ms98-a-0007,21.667875,22.026625,for,I,sd,u-6-1
sw4379B-ms98-a-0007,22.089750,22.569500,gas,I,sd,u-6-1
sw4379B-ms98-a-0007,22.622250,22.797875,and,I,sd,u-6-1
sw4379B-ms98-a-0007,22.797875,23.007875,things,I,sd,u-6-1
sw4379B-ms98-a-0007,23.007875,23.197875,like,I,sd,u-6-1
sw4379B-ms98-a-0007,23.197875,23.317875,that,I,sd,u-6-1
sw4379B-ms98-a-0007,23.317875,23.407875,and,B,sd,u-6-2
sw4379B-ms98-a-0007,23.407875,23.497875,then,I,sd,u-6-2
sw4379B-ms98-a-0007,23.497875,23.607875,we,I,sd,u-6-2
sw4379B-ms98-a-0007,23.607875,23.807875,put,I,sd,u-6-2
sw4379B-ms98-a-0007,23.807875,24.229000,aside,I,sd,u-6-2
sw4379B-ms98-a-0007,24.302375,24.447875,so,I,sd,u-6-2
sw4379B-ms98-a-0007,24.447875,24.707875,much,I,sd,u-6-2
sw4379B-ms98-a-0007,24.707875,24.957875,money,I,sd,u-6-2
sw4379B-ms98-a-0007,24.957875,25.197875,each,I,sd,u-6-2
sw4379B-ms98-a-0007,25.197875,25.417250,month,I,sd,u-6-2
sw4379B-ms98-a-0007,25.458625,25.557875,for,I,sd,u-6-2
sw4379B-ms98-a-0007,25.557875,26.117875,birthdays,I,sd,u-6-2
sw4379B-ms98-a-0007,26.117875,26.304000,and,I,sd,u-6-2
sw4379B-ms98-a-0007,26.722125,26.917875,for,I,sd,u-6-2
sw4379B-ms98-a-0007,26.917875,27.557875,Christmas,I,sd,u-6-2
sw4379B-ms98-a-0007,27.647875,27.887875,and,I,sd,u-6-2
sw4379B-ms98-a-0007,27.887875,28.279625,for,I,sd,u-6-2
sw4379B-ms98-a-0007,28.332375,28.641625,um,I,sd,u-6-2
sw4379B-ms98-a-0007,28.924125,29.140250,other,I,sd,u-6-2
sw4379B-ms98-a-0007,29.140250,29.587875,things,I,sd,u-6-2
sw4379B-ms98-a-0008,30.529125,30.695000,then,B,sd,u-8-1
sw4379B-ms98-a-0008,30.695000,30.785000,we,I,sd,u-8-1
sw4379B-ms98-a-0008,30.785000,31.055000,take,I,sd,u-8-1
sw4379B-ms98-a-0008,31.055000,31.165000,our,I,sd,u-8-1
sw4379B-ms98-a-0008,31.165000,31.525000,major,I,sd,u-8-1
sw4379B-ms98-a-0008,31.525000,32.145000,purchases,I,sd,u-8-1
sw4379B-ms98-a-0008,32.145000,32.245000,we,I,sd,u-8-1
sw4379B-ms98-a-0008,32.245000,32.445000,want,I,sd,u-8-1
sw4379B-ms98-a-0008,32.445000,32.505000,to,I,sd,u-8-1
sw4379B-ms98-a-0008,32.505000,32.755000,make,I,sd,u-8-1
sw4379B-ms98-a-0008,32.755000,33.055000,during,I,sd,u-8-1
sw4379B-ms98-a-0008,33.055000,33.305000,that,I,sd,u-8-1
sw4379B-ms98-a-0008,33.305000,33.733125,year,I,sd,u-8-1
sw4379B-ms98-a-0008,34.155000,34.215000,and,B,sd,u-8-2
sw4379B-ms98-a-0008,34.215000,34.355000,we,I,sd,u-8-2
sw4379B-ms98-a-0008,34.355000,34.745000,budget,I,sd,u-8-2
sw4379B-ms98-a-0008,34.745000,35.073125,them,I,sd,u-8-2
sw4379B-ms98-a-0008,35.115000,35.655000,into,I,sd,u-8-2
sw4379B-ms98-a-0008,36.205000,36.315000,what,I,sd,u-8-2
sw4379B-ms98-a-0008,36.315000,36.425000,we,I,sd,u-8-2
sw4379B-ms98-a-0008,36.425000,36.835000,call,I,sd,u-8-2
sw4379B-ms98-a-0008,36.835000,37.274375,our,I,sd,u-8-2
sw4379B-ms98-a-0008,37.485250,37.619000,n[eeds]-,I,sd,u-8-2
sw4379B-ms98-a-0008,37.619000,37.765000,our,I,sd,u-8-2
sw4379B-ms98-a-0008,37.765000,38.085000,needs,I,sd,u-8-2
sw4379B-ms98-a-0008,38.085000,38.225000,and,I,sd,u-8-2
sw4379B-ms98-a-0008,38.225000,38.615000,wants,I,sd,u-8-2
sw4379B-ms98-a-0008,38.615000,39.089250,list,I,sd,u-8-2
sw4379B-ms98-a-0009,39.725750,39.965375,and,B,sd,u-10-1
sw4379B-ms98-a-0009,39.965375,40.365125,so,I,sd,u-10-1
sw4379B-ms98-a-0009,40.734250,41.217375,um,I,sd,u-10-1
sw4379B-ms98-a-0009,41.582750,41.645375,the,I,sd,u-10-1
sw4379B-ms98-a-0009,41.645375,41.925375,things,I,sd,u-10-1
sw4379B-ms98-a-0009,41.925375,42.105375,that,I,sd,u-10-1
sw4379B-ms98-a-0009,42.105375,42.285375,like,I,sd,u-10-1
sw4379B-ms98-a-0009,42.285375,42.365375,a,I,sd,u-10-1
sw4379B-ms98-a-0009,42.365375,43.025375,vacation,I,sd,u-10-1
sw4379B-ms98-a-0009,43.025375,43.115375,we,B,sd,u-10-2
sw4379B-ms98-a-0009,43.115375,43.275375,have,I,sd,u-10-2
sw4379B-ms98-a-0009,43.275375,43.365375,a,I,sd,u-10-2
sw4379B-ms98-a-0009,43.365375,43.995375,vacation,I,sd,u-10-2
sw4379B-ms98-a-0009,43.995375,44.375375,fund,I,sd,u-10-2
sw4379B-ms98-a-0009,44.375375,44.485375,we,B,sd,u-10-3
sw4379B-ms98-a-0009,44.485375,44.655375,have,I,sd,u-10-3
sw4379B-ms98-a-0009,44.655375,44.742875,a,I,sd,u-10-3
sw4379B-ms98-a-0009,44.742875,45.005375,fund,I,sd,u-10-3
sw4379B-ms98-a-0009,45.005375,45.125375,for,I,sd,u-10-3
sw4379B-ms98-a-0009,45.125375,45.225375,the,I,sd,u-10-3
sw4379B-ms98-a-0009,45.225375,45.555375,things,I,sd,u-10-3
sw4379B-ms98-a-0009,45.555375,45.645375,we,I,sd,u-10-3
sw4379B-ms98-a-0009,45.645375,45.995375,need,I,sd,u-10-3
sw4379B-ms98-a-0009,45.995375,46.105375,and,I,sd,u-10-3
sw4379B-ms98-a-0009,46.105375,46.195375,then,I,sd,u-10-3
sw4379B-ms98-a-0009,46.195375,46.255375,a,I,sd,u-10-3
sw4379B-ms98-a-0009,46.455375,46.625375,for,I,sd,u-10-3
sw4379B-ms98-a-0009,46.625375,46.725375,the,I,sd,u-10-3
sw4379B-ms98-a-0009,46.725375,47.049750,things,I,sd,u-10-3
sw4379B-ms98-a-0009,47.113750,47.225375,that,I,sd,u-10-3
sw4379B-ms98-a-0009,47.225375,47.335375,we,I,sd,u-10-3
sw4379B-ms98-a-0009,47.335375,47.809375,want,I,sd,u-10-3
sw4379B-ms98-a-0010,48.881500,49.363500,and,B,sd,u-12-1
sw4379B-ms98-a-0010,49.363500,49.993500,um,I,sd,u-12-1
sw4379B-ms98-a-0010,50.273500,50.545875,and,I,sd,u-12-1
sw4379B-ms98-a-0010,50.545875,50.803500,we're,I,sd,u-12-1
sw4379B-ms98-a-0010,50.803500,51.343500,continually,I,sd,u-12-1
sw4379B-ms98-a-0010,51.343500,51.623500,putting,I,sd,u-12-1
sw4379B-ms98-a-0010,51.623500,51.853500,into,I,sd,u-12-1
sw4379B-ms98-a-0010,51.853500,52.257625,those,I,sd,u-12-1
sw4379B-ms98-a-0010,52.463500,52.543500,you,I,sd,u-12-1
sw4379B-ms98-a-0010,52.543500,52.653500,know,I,sd,u-12-1
sw4379B-ms98-a-0010,52.653500,52.883500,each,I,sd,u-12-1
sw4379B-ms98-a-0010,52.883500,53.382625,month,I,sd,u-12-1
sw4379B-ms98-a-0010,53.593500,53.803500,how,I,sd,u-12-1
sw4379B-ms98-a-0010,53.803500,54.013500,much,I,sd,u-12-1
sw4379B-ms98-a-0010,54.013500,54.123500,we're,I,sd,u-12-1
sw4379B-ms98-a-0010,54.123500,54.373500,going,I,sd,u-12-1
sw4379B-ms98-a-0010,54.373500,54.513500,to,I,sd,u-12-1
sw4379B-ms98-a-0010,54.513500,54.653500,need,I,sd,u-12-1
sw4379B-ms98-a-0010,54.653500,54.743500,and,B,sd,u-12-2
sw4379B-ms98-a-0010,54.743500,54.853500,then,I,sd,u-12-2
sw4379B-ms98-a-0010,54.853500,54.953500,we,I,sd,u-12-2
sw4379B-ms98-a-0010,54.953500,55.133500,know,I,sd,u-12-2
sw4379B-ms98-a-0010,55.133500,55.223500,the,I,sd,u-12-2
sw4379B-ms98-a-0010,55.223500,55.503500,month,I,sd,u-12-2
sw4379B-ms98-a-0010,55.503500,55.623500,that,I,sd,u-12-2
sw4379B-ms98-a-0010,55.623500,55.713500,we're,I,sd,u-12-2
sw4379B-ms98-a-0010,55.713500,55.833500,going,I,sd,u-12-2
sw4379B-ms98-a-0010,55.833500,55.913500,to,I,sd,u-12-2
sw4379B-ms98-a-0010,55.913500,56.063500,have,I,sd,u-12-2
sw4379B-ms98-a-0010,56.063500,56.303500,enough,I,sd,u-12-2
sw4379B-ms98-a-0010,56.303500,56.443500,to,I,sd,u-12-2
sw4379B-ms98-a-0010,56.443500,56.683500,get,I,sd,u-12-2
sw4379B-ms98-a-0010,56.683500,56.853500,that,I,sd,u-12-2
sw4379B-ms98-a-0010,56.853500,57.403500,particular,I,sd,u-12-2
sw4379B-ms98-a-0010,57.403500,57.735125,item,I,sd,u-12-2
sw4379B-ms98-a-0011,58.631125,58.844625,so,B,sd,u-14-1
sw4379B-ms98-a-0011,58.844625,58.984625,we,I,sd,u-14-1
sw4379B-ms98-a-0011,58.984625,59.264625,very,I,sd,u-14-1
sw4379B-ms98-a-0011,59.264625,59.604625,rarely,I,sd,u-14-1
sw4379B-ms98-a-0011,59.604625,59.784625,buy,I,sd,u-14-1
sw4379B-ms98-a-0011,59.784625,60.394625,anything,I,sd,u-14-1
sw4379B-ms98-a-0011,60.394625,60.544625,on,I,sd,u-14-1
sw4379B-ms98-a-0011,60.544625,61.046250,credit,I,sd,u-14-1
sw4379B-ms98-a-0011,61.200625,61.604625,everything,B,sd,u-14-2
sw4379B-ms98-a-0011,61.604625,61.714625,we,I,sd,u-14-2
sw4379B-ms98-a-0011,61.714625,61.904625,buy,I,sd,u-14-2
sw4379B-ms98-a-0011,61.904625,62.094625,is,I,sd,u-14-2
sw4379B-ms98-a-0011,62.094625,62.342625,paid,I,sd,u-14-2
sw4379B-ms98-a-0011,62.414500,62.627625,for,I,sd,u-14-2
sw4379B-ms98-a-0012,64.042125,65.482125,[laughter],O,,
sw4379B-ms98-a-0014,84.472125,84.675875,right,B,b,u-20-1
sw4379B-ms98-a-0015,85.891250,86.234125,right,B,b^r,u-22-1
sw4379B-ms98-a-0017,101.136125,101.570125,right,B,b,u-26-1
sw4379B-ms98-a-0018,102.342125,102.666875,um,B,sd,u-28-1
sw4379B-ms98-a-0018,103.069875,103.234625,we,I,sd,u-28-1
sw4379B-ms98-a-0018,103.234625,103.394625,have,I,sd,u-28-1
sw4379B-ms98-a-0018,103.394625,103.714625,found,I,sd,u-28-1
sw4379B-ms98-a-0018,103.714625,103.824625,that,I,sd,u-28-1
sw4379B-ms98-a-0018,103.824625,104.020875,we,I,sd,u-28-1
sw4379B-ms98-a-0018,104.020875,104.324625,spend,I,sd,u-28-1
sw4379B-ms98-a-0018,104.324625,104.594625,less,I,sd,u-28-1
sw4379B-ms98-a-0018,104.594625,104.974625,money,I,sd,u-28-1
sw4379B-ms98-a-0018,104.974625,105.147750,if,I,sd,u-28-1
sw4379B-ms98-a-0018,105.200500,105.314625,we,I,sd,u-28-1
sw4379B-ms98-a-0018,105.314625,105.714625,pull,I,sd,u-28-1
sw4379B-ms98-a-0018,105.714625,105.984625,out,I,sd,u-28-1
sw4379B-ms98-a-0018,105.984625,106.064625,the,I,sd,u-28-1
sw4379B-ms98-a-0018,106.064625,106.466125,money,I,sd,u-28-1
sw4379B-ms98-a-0018,107.242000,107.684625,um,I,sd,u-28-1
sw4379B-ms98-a-0018,108.064625,108.454625,instead,B,+,u-30-1
sw4379B-ms98-a-0018,108.454625,108.524625,of,I,+,u-30-1
sw4379B-ms98-a-0018,108.524625,108.694625,just,I,+,u-30-1
sw4379B-ms98-a-0018,108.694625,109.064625,writing,I,+,u-30-1
sw4379B-ms98-a-0018,109.064625,109.414625,checks,I,+,u-30-1
sw4379B-ms98-a-0018,109.414625,109.554625,for,I,+,u-30-1
sw4379B-ms98-a-0018,109.554625,110.027000,things,I,+,u-30-1
sw4379B-ms98-a-0019,110.658000,110.831875,if,B,sd,u-32-1
sw4379B-ms98-a-0019,110.831875,110.941875,we,I,sd,u-32-1
sw4379B-ms98-a-0019,110.941875,111.421875,actually,I,sd,u-32-1
sw4379B-ms98-a-0019,111.421875,111.741875,pull,I,sd,u-32-1
sw4379B-ms98-a-0019,111.741875,111.841875,it,I,sd,u-32-1
sw4379B-ms98-a-0019,111.841875,112.101875,out,I,sd,u-32-1
sw4379B-ms98-a-0019,112.101875,112.221875,and,I,sd,u-32-1
sw4379B-ms98-a-0019,112.221875,112.481875,keep,I,sd,u-32-1
sw4379B-ms98-a-0019,112.481875,112.571875,it,I,sd,u-32-1
sw4379B-ms98-a-0019,112.571875,112.761875,in,I,sd,u-32-1
sw4379B-ms98-a-0019,112.761875,112.864000,a,I,sd,u-32-1
sw4379B-ms98-a-0019,112.864000,113.378375,safe,I,sd,u-32-1
sw4379B-ms98-a-0019,113.630750,113.901000,here,I,sd,u-32-1
sw4379B-ms98-a-0020,114.803500,115.110375,and,B,sd,u-34-1
sw4379B-ms98-a-0020,115.110375,115.301500,we,I,sd,u-34-1
sw4379B-ms98-a-0020,115.301500,115.745125,actually,I,sd,u-34-1
sw4379B-ms98-a-0020,115.745125,116.065125,pull,I,sd,u-34-1
sw4379B-ms98-a-0020,116.065125,116.295125,out,I,sd,u-34-1
sw4379B-ms98-a-0020,116.295125,116.375125,the,I,sd,u-34-1
sw4379B-ms98-a-0020,116.375125,116.665125,money,I,sd,u-34-1
sw4379B-ms98-a-0020,116.665125,116.935125,each,I,sd,u-34-1
sw4379B-ms98-a-0020,116.935125,117.205125,month,I,sd,u-34-1
sw4379B-ms98-a-0020,117.205125,117.345125,that,I,sd,u-34-1
sw4379B-ms98-a-0020,117.345125,117.445125,we,I,sd,u-34-1
sw4379B-ms98-a-0020,117.445125,117.655125,want,I,sd,u-34-1
sw4379B-ms98-a-0020,117.655125,117.715125,to,I,sd,u-34-1
sw4379B-ms98-a-0020,117.715125,117.925125,put,I,sd,u-34-1
sw4379B-ms98-a-0020,117.925125,118.085125,in,I,sd,u-34-1
sw4379B-ms98-a-0020,118.085125,118.215125,for,I,sd,u-34-1
sw4379B-ms98-a-0020,118.215125,118.758250,birthdays,I,sd,u-34-1
sw4379B-ms98-a-0020,118.807250,118.905125,that,I,sd,u-34-1
sw4379B-ms98-a-0020,118.905125,118.995125,we,I,sd,u-34-1
sw4379B-ms98-a-0020,118.995125,119.205125,want,I,sd,u-34-1
sw4379B-ms98-a-0020,119.205125,119.245625,to,I,sd,u-34-1
sw4379B-ms98-a-0020,119.305875,119.475125,put,I,sd,u-34-1
sw4379B-ms98-a-0020,119.475125,119.672750,in,I,sd,u-34-1
sw4379B-ms98-a-0020,119.672750,120.158625,for,I,sd,u-34-1
sw4379B-ms98-a-0020,120.158625,120.623625,um,I,sd,u-34-1
sw4379B-ms98-a-0020,121.060500,121.125125,the,I,sd,u-34-1
sw4379B-ms98-a-0020,121.125125,121.865125,vacation,I,sd,u-34-1
sw4379B-ms98-a-0020,121.865125,122.005125,that,I,sd,u-34-1
sw4379B-ms98-a-0020,122.005125,122.105125,we,I,sd,u-34-1
sw4379B-ms98-a-0020,122.105125,122.325125,put,I,sd,u-34-1
sw4379B-ms98-a-0020,122.325125,122.455125,in,I,sd,u-34-1
sw4379B-ms98-a-0020,122.455125,122.585125,for,I,sd,u-34-1
sw4379B-ms98-a-0020,122.585125,123.185750,Christmas,I,sd,u-34-1
sw4379B-ms98-a-0022,126.318125,126.448000,[vocalized-noise],O,,
sw4379B-ms98-a-0022,126.448000,126.838625,well,B,h,u-36-1
sw4379B-ms98-a-0022,127.180000,127.255375,a,I,h,u-36-1
sw4379B-ms98-a-0022,127.255375,127.468000,lot,I,h,u-36-1
sw4379B-ms98-a-0022,127.468000,127.628000,of,I,h,u-36-1
sw4379B-ms98-a-0022,127.628000,128.019625,that,I,h,u-36-1
sw4379B-ms98-a-0022,128.128000,128.541500,um,I,h,u-36-1
sw4379B-ms98-a-0022,129.001000,129.088000,i,I,h,u-36-1
sw4379B-ms98-a-0022,129.088000,129.228000,don't,I,h,u-36-1
sw4379B-ms98-a-0022,129.228000,129.298000,know,I,h,u-36-1
sw4379B-ms98-a-0022,129.298000,129.478500,how,I,h,u-36-1
sw4379B-ms98-a-0022,129.591500,129.858000,safe,I,h,u-36-1
sw4379B-ms98-a-0022,129.858000,129.948000,it,I,h,u-36-1
sw4379B-ms98-a-0022,129.948000,130.228000,is,I,h,u-36-1
sw4379B-ms98-a-0022,130.228000,130.368000,i,B,sd,u-36-2
sw4379B-ms98-a-0022,130.368000,130.772750,guess,I,sd,u-36-2
sw4379B-ms98-a-0022,131.221000,131.584625,um,I,sd,u-36-2
sw4379B-ms98-a-0022,131.693875,131.878000,we,I,sd,u-36-2
sw4379B-ms98-a-0022,131.878000,132.158000,keep,I,sd,u-36-2
sw4379B-ms98-a-0022,132.158000,132.238000,it,I,sd,u-36-2
sw4379B-ms98-a-0022,132.238000,132.428000,all,I,sd,u-36-2
sw4379B-ms98-a-0022,132.428000,132.518000,in,I,sd,u-36-2
sw4379B-ms98-a-0022,132.518000,132.603625,a,I,sd,u-36-2
sw4379B-ms98-a-0022,132.603625,132.884250,safe,I,sd,u-36-2
sw4379B-ms98-a-0022,132.884250,133.048000,here,I,sd,u-36-2
sw4379B-ms98-a-0022,133.048000,133.158000,at,I,sd,u-36-2
sw4379B-ms98-a-0022,133.158000,133.218000,the,I,sd,u-36-2
sw4379B-ms98-a-0022,133.218000,133.712500,house,I,sd,u-36-2
sw4379B-ms98-a-0023,134.631500,134.777625,and,B,sd,u-38-1
sw4379B-ms98-a-0023,134.777625,134.987625,so,I,sd,u-38-1
sw4379B-ms98-a-0023,134.987625,135.167625,it's,I,sd,u-38-1
sw4379B-ms98-a-0023,135.167625,135.577625,actually,I,sd,u-38-1
sw4379B-ms98-a-0023,135.577625,135.967625,pulled,I,sd,u-38-1
sw4379B-ms98-a-0023,135.967625,136.257625,out,I,sd,u-38-1
sw4379B-ms98-a-0023,136.257625,136.447625,then,B,sd,u-38-2
sw4379B-ms98-a-0023,136.447625,136.517625,we,I,sd,u-38-2
sw4379B-ms98-a-0023,136.517625,136.807625,keep,I,sd,u-38-2
sw4379B-ms98-a-0023,136.807625,136.971875,our,I,sd,u-38-2
sw4379B-ms98-a-0023,137.087625,137.187625,we,B,sd,u-40-1
sw4379B-ms98-a-0023,137.187625,137.407625,have,I,sd,u-40-1
sw4379B-ms98-a-0023,137.407625,137.522750,a,I,sd,u-40-1
sw4379B-ms98-a-0023,137.793875,138.177625,savings,I,sd,u-40-1
sw4379B-ms98-a-0023,138.177625,138.567625,account,I,sd,u-40-1
sw4379B-ms98-a-0023,138.567625,138.697625,for,I,sd,u-40-1
sw4379B-ms98-a-0023,138.697625,138.787625,the,I,sd,u-40-1
sw4379B-ms98-a-0023,138.787625,139.167625,[kidzees/kids],I,sd,u-40-1
sw4379B-ms98-a-0023,139.167625,139.857625,education,I,sd,u-40-1
sw4379B-ms98-a-0023,139.857625,139.987625,that,B,sd,u-40-2
sw4379B-ms98-a-0023,139.987625,140.207625,money,I,sd,u-40-2
sw4379B-ms98-a-0023,140.207625,140.404375,goes,I,sd,u-40-2
sw4379B-ms98-a-0023,140.447625,140.797625,into,I,sd,u-40-2
sw4379B-ms98-a-0023,140.797625,141.177625,there,I,sd,u-40-2
sw4379B-ms98-a-0024,141.748750,141.968500,each,B,%,u-42-1
sw4379B-ms98-a-0024,141.968500,142.098500,of,I,%,u-42-1
sw4379B-ms98-a-0024,142.098500,142.309875,our,I,%,u-42-1
sw4379B-ms98-a-0024,142.372875,142.408500,ch[ildren]-,O,,
sw4379B-ms98-a-0024,142.408500,142.538500,we,B,sd,u-42-2
sw4379B-ms98-a-0024,142.538500,142.714125,have,I,sd,u-42-2
sw4379B-ms98-a-0024,142.770625,142.948500,three,I,sd,u-42-2
sw4379B-ms98-a-0024,142.948500,143.328500,children,I,sd,u-42-2
sw4379B-ms98-a-0024,143.328500,143.438500,so,B,sd,u-42-3
sw4379B-ms98-a-0024,143.438500,143.608500,they,I,sd,u-42-3
sw4379B-ms98-a-0024,143.608500,143.778500,each,I,sd,u-42-3
sw4379B-ms98-a-0024,143.778500,143.918500,have,I,sd,u-42-3
sw4379B-ms98-a-0024,143.918500,144.095375,their,I,sd,u-42-3
sw4379B-ms98-a-0024,144.095375,144.278500,own,I,sd,u-42-3
sw4379B-ms98-a-0024,144.278500,144.855000,account,I,sd,u-42-3
sw4379B-ms98-a-0025,145.460000,145.595875,that,B,sd,u-44-1
sw4379B-ms98-a-0025,145.719375,145.990000,money,I,sd,u-44-1
sw4379B-ms98-a-0025,145.990000,146.090000,is,I,sd,u-44-1
sw4379B-ms98-a-0025,146.090000,146.300000,put,I,sd,u-44-1
sw4379B-ms98-a-0025,146.300000,146.640000,into,I,sd,u-44-1
sw4379B-ms98-a-0025,146.640000,146.870000,each,I,sd,u-44-1
sw4379B-ms98-a-0025,146.870000,147.233250,month,I,sd,u-44-1
sw4379B-ms98-a-0027,154.254500,154.438750,he,B,no,u-46-1
sw4379B-ms98-a-0027,154.438750,154.678750,does,I,no,u-46-1
sw4379B-ms98-a-0027,154.678750,155.247375,somewhat,I,no,u-46-1
sw4379B-ms98-a-0028,155.805000,155.955000,yeah,B,ny,u-48-1
sw4379B-ms98-a-0028,155.955000,156.125000,he,B,sd^e,u-48-2
sw4379B-ms98-a-0028,156.125000,156.339000,does,I,sd^e,u-48-2
sw4379B-ms98-a-0028,156.339000,156.867875,somewhat,I,sd^e,u-48-2
sw4379B-ms98-a-0029,157.489375,157.947375,um,B,sd,u-50-1
sw4379B-ms98-a-0029,158.243875,158.401375,we,I,sd,u-50-1
sw4379B-ms98-a-0029,158.401375,158.611375,have,I,sd,u-50-1
sw4379B-ms98-a-0029,158.611375,158.691375,an,I,sd,u-50-1
sw4379B-ms98-a-0029,158.691375,159.221375,investment,I,sd,u-50-1
sw4379B-ms98-a-0029,159.221375,159.591375,plan,I,sd,u-50-1
sw4379B-ms98-a-0029,159.591375,159.902750,yeah,B,%,u-50-2
sw4379B-ms98-a-0029,160.155125,160.231375,i,B,h,u-50-3
sw4379B-ms98-a-0029,160.231375,160.451375,guess,I,h,u-50-3
sw4379B-ms98-a-0029,160.451375,160.551375,he,I,h,u-50-3
sw4379B-ms98-a-0029,160.551375,160.915250,does,I,h,u-50-3
sw4379B-ms98-a-0030,162.086375,162.293000,but,B,sd,u-52-1
sw4379B-ms98-a-0030,162.293000,162.699375,um,I,sd,u-52-1
sw4379B-ms98-a-0030,162.925375,163.123000,we,I,sd,u-52-1
sw4379B-ms98-a-0030,163.123000,163.423000,have,I,sd,u-52-1
sw4379B-ms98-a-0030,163.423000,163.643000,really,I,sd,u-52-1
sw4379B-ms98-a-0030,163.643000,163.963000,found,I,sd,u-52-1
sw4379B-ms98-a-0030,163.963000,164.123000,this,B,sd,u-52-2
sw4379B-ms98-a-0030,164.123000,164.223000,is,I,sd,u-52-2
sw4379B-ms98-a-0030,164.223000,164.303000,the,I,sd,u-52-2
sw4379B-ms98-a-0030,164.303000,164.663000,first,I,sd,u-52-2
sw4379B-ms98-a-0030,164.663000,164.823000,year,I,sd,u-52-2
sw4379B-ms98-a-0030,164.823000,164.983000,we've,I,sd,u-52-2
sw4379B-ms98-a-0030,164.983000,165.193000,done,I,sd,u-52-2
sw4379B-ms98-a-0030,165.193000,165.323000,it,I,sd,u-52-2
sw4379B-ms98-a-0030,165.323000,165.543000,this,I,sd,u-52-2
sw4379B-ms98-a-0030,165.543000,165.783000,way,I,sd,u-52-2
sw4379B-ms98-a-0030,165.783000,166.043000,and,B,sd,u-52-3
sw4379B-ms98-a-0030,166.043000,166.193000,we,I,sd,u-52-3
sw4379B-ms98-a-0030,166.193000,166.323000,are,I,sd,u-52-3
sw4379B-ms98-a-0030,166.323000,166.666125,really,I,sd,u-52-3
sw4379B-ms98-a-0030,166.703875,166.973000,saving,I,sd,u-52-3
sw4379B-ms98-a-0030,166.973000,167.033000,a,I,sd,u-52-3
sw4379B-ms98-a-0030,167.033000,167.233000,lot,I,sd,u-52-3
sw4379B-ms98-a-0030,167.233000,167.313000,of,I,sd,u-52-3
sw4379B-ms98-a-0030,167.313000,167.643000,money,I,sd,u-52-3
sw4379B-ms98-a-0032,176.719750,177.308750,Christmas,B,sd,u-56-1
sw4379B-ms98-a-0032,177.386875,178.087250,birthdays,I,sd,u-56-1
sw4379B-ms98-a-0032,178.087250,178.378500,uh,I,sd,u-56-1
sw4379B-ms98-a-0032,178.420000,178.674000,car,I,sd,u-56-1
sw4379B-ms98-a-0032,178.674000,179.262000,maintenance,I,sd,u-56-1
sw4379B-ms98-a-0032,179.360000,179.824000,dental,I,sd,u-56-1
sw4379B-ms98-a-0032,179.824000,180.504000,medical,I,sd,u-56-1
sw4379B-ms98-a-0032,180.894000,181.004000,we,B,sd,u-56-2
sw4379B-ms98-a-0032,181.004000,181.203375,just,I,sd,u-56-2
sw4379B-ms98-a-0032,181.203375,181.754000,averaged,I,sd,u-56-2
sw4379B-ms98-a-0032,181.754000,181.984000,out,I,sd,u-56-2
sw4379B-ms98-a-0032,181.984000,182.154000,how,I,sd,u-56-2
sw4379B-ms98-a-0032,182.154000,182.424000,much,I,sd,u-56-2
sw4379B-ms98-a-0032,182.424000,182.784000,last,I,sd,u-56-2
sw4379B-ms98-a-0032,182.784000,182.924000,year,I,sd,u-56-2
sw4379B-ms98-a-0032,182.924000,183.084000,we,I,sd,u-56-2
sw4379B-ms98-a-0032,183.084000,183.454000,used,I,sd,u-56-2
sw4379B-ms98-a-0032,183.454000,183.654000,per,I,sd,u-56-2
sw4379B-ms98-a-0032,183.654000,183.954000,month,I,sd,u-56-2
sw4379B-ms98-a-0032,183.954000,184.074000,on,I,sd,u-56-2
sw4379B-ms98-a-0032,184.074000,184.704000,medical,I,sd,u-56-2
sw4379B-ms98-a-0032,184.704000,184.814000,and,I,sd,u-56-2
sw4379B-ms98-a-0032,184.814000,184.974000,how,I,sd,u-56-2
sw4379B-ms98-a-0032,184.974000,185.204000,much,I,sd,u-56-2
sw4379B-ms98-a-0032,185.204000,185.324000,we,B,+,u-58-1
sw4379B-ms98-a-0032,185.324000,185.604000,used,I,+,u-58-1
sw4379B-ms98-a-0032,185.604000,185.754000,on,I,+,u-58-1
sw4379B-ms98-a-0032,185.754000,186.364000,dental,I,+,u-58-1
sw4379B-ms98-a-0032,186.364000,186.507250,and,B,sd,u-58-2
sw4379B-ms98-a-0032,186.981750,187.462500,um,I,sd,u-58-2
sw4379B-ms98-a-0033,188.204875,188.380500,and,I,sd,u-58-2
sw4379B-ms98-a-0033,188.380500,188.470500,so,I,sd,u-58-2
sw4379B-ms98-a-0033,188.470500,189.012250,now,I,sd,u-58-2
sw4379B-ms98-a-0033,189.660125,189.880500,when,I,sd,u-58-2
sw4379B-ms98-a-0033,189.880500,189.970500,we,I,sd,u-58-2
sw4379B-ms98-a-0033,189.970500,190.140500,have,I,sd,u-58-2
sw4379B-ms98-a-0033,190.140500,190.240500,to,I,sd,u-58-2
sw4379B-ms98-a-0033,190.240500,190.440500,come,I,sd,u-58-2
sw4379B-ms98-a-0033,190.440500,190.580500,up,I,sd,u-58-2
sw4379B-ms98-a-0033,190.580500,190.750500,with,I,sd,u-58-2
sw4379B-ms98-a-0033,190.750500,190.910500,that,I,sd,u-58-2
sw4379B-ms98-a-0033,190.910500,191.500500,deductible,I,sd,u-58-2
sw4379B-ms98-a-0033,191.500500,191.620500,that,I,sd,u-58-2
sw4379B-ms98-a-0033,191.620500,191.770500,our,I,sd,u-58-2
sw4379B-ms98-a-0033,191.770500,192.210500,insurance,I,sd,u-58-2
sw4379B-ms98-a-0033,192.210500,192.520500,doesn't,I,sd,u-58-2
sw4379B-ms98-a-0033,192.520500,192.986500,cover,I,sd,u-58-2
sw4379B-ms98-a-0033,193.442250,193.630500,rather,B,+,u-60-1
sw4379B-ms98-a-0033,193.630500,193.830500,than,I,+,u-60-1
sw4379B-ms98-a-0033,193.830500,194.190500,wondering,I,+,u-60-1
sw4379B-ms98-a-0033,194.190500,194.320500,where,I,+,u-60-1
sw4379B-ms98-a-0033,194.320500,194.470500,it's,I,+,u-60-1
sw4379B-ms98-a-0033,194.470500,194.590500,going,I,+,u-60-1
sw4379B-ms98-a-0033,194.590500,194.650500,to,I,+,u-60-1
sw4379B-ms98-a-0033,194.650500,194.950500,come,I,+,u-60-1
sw4379B-ms98-a-0033,194.950500,195.380750,from,I,+,u-60-1
sw4379B-ms98-a-0034,195.881250,196.036375,we,B,sd,u-60-2
sw4379B-ms98-a-0034,196.036375,196.345375,have,I,sd,u-60-2
sw4379B-ms98-a-0034,196.345375,196.593375,it,I,sd,u-60-2
sw4379B-ms98-a-0035,196.870875,196.963750,you,I,sd,u-60-2
sw4379B-ms98-a-0035,196.963750,197.113750,know,I,sd,u-60-2
sw4379B-ms98-a-0035,197.113750,197.203750,and,B,sd,u-62-1
sw4379B-ms98-a-0035,197.203750,197.403750,when,I,sd,u-62-1
sw4379B-ms98-a-0035,197.403750,197.553750,when,I,sd,u-62-1
sw4379B-ms98-a-0035,197.553750,197.613750,we,I,sd,u-62-1
sw4379B-ms98-a-0035,197.613750,197.813750,see,I,sd,u-62-1
sw4379B-ms98-a-0035,197.813750,198.153750,something,I,sd,u-62-1
sw4379B-ms98-a-0035,198.153750,198.323750,on,I,sd,u-62-1
sw4379B-ms98-a-0035,198.323750,198.790500,sale,I,sd,u-62-1
sw4379B-ms98-a-0035,199.393125,199.723750,um,I,sd,u-62-1
sw4379B-ms98-a-0035,199.723750,200.083750,instead,I,sd,u-62-1
sw4379B-ms98-a-0035,200.083750,200.153750,of,I,sd,u-62-1
sw4379B-ms98-a-0035,200.153750,200.353750,just,I,sd,u-62-1
sw4379B-ms98-a-0035,200.353750,200.563750,looking,I,sd,u-62-1
sw4379B-ms98-a-0035,200.563750,200.663750,in,I,sd,u-62-1
sw4379B-ms98-a-0035,200.663750,200.813750,our,I,sd,u-62-1
sw4379B-ms98-a-0035,200.813750,201.113750,checking,I,sd,u-62-1
sw4379B-ms98-a-0035,201.113750,201.403750,account,I,sd,u-62-1
sw4379B-ms98-a-0035,201.403750,201.480500,and,I,sd,u-62-1
sw4379B-ms98-a-0035,201.525750,201.693750,saying,I,sd,u-62-1
sw4379B-ms98-a-0035,201.693750,201.783750,well,I,sd,u-62-1
sw4379B-ms98-a-0035,201.783750,201.913750,we've,I,sd,u-62-1
sw4379B-ms98-a-0035,201.913750,202.093750,got,I,sd,u-62-1
sw4379B-ms98-a-0035,202.093750,202.303750,enough,I,sd,u-62-1
sw4379B-ms98-a-0035,202.303750,202.433750,and,I,sd,u-62-1
sw4379B-ms98-a-0035,202.433750,202.713750,getting,I,sd,u-62-1
sw4379B-ms98-a-0035,202.713750,202.793750,it,I,sd,u-62-1
sw4379B-ms98-a-0035,202.793750,202.883750,and,I,sd,u-62-1
sw4379B-ms98-a-0035,202.883750,203.023750,then,I,sd,u-62-1
sw4379B-ms98-a-0035,203.023750,203.113000,when,I,sd,u-62-1
sw4379B-ms98-a-0035,203.158250,203.373750,something,I,sd,u-62-1
sw4379B-ms98-a-0035,203.373750,203.673750,comes,I,sd,u-62-1
sw4379B-ms98-a-0035,203.673750,203.963750,up,I,sd,u-62-1
sw4379B-ms98-a-0035,203.963750,204.053750,you,I,sd,u-62-1
sw4379B-ms98-a-0035,204.053750,204.133750,know,I,sd,u-62-1
sw4379B-ms98-a-0035,204.133750,204.363750,kind,I,sd,u-62-1
sw4379B-ms98-a-0035,204.363750,204.431875,of,I,sd,u-62-1
sw4379B-ms98-a-0035,204.431875,204.853750,scrimping,I,sd,u-62-1
sw4379B-ms98-a-0035,204.853750,204.933750,to,I,sd,u-62-1
sw4379B-ms98-a-0035,204.933750,205.163750,pay,I,sd,u-62-1
sw4379B-ms98-a-0035,205.163750,205.413750,for,I,sd,u-62-1
sw4379B-ms98-a-0035,205.413750,205.453750,a,I,sd,u-62-1
sw4379B-ms98-a-0035,205.453750,205.883750,medical,I,sd,u-62-1
sw4379B-ms98-a-0035,205.883750,206.133750,bill,I,sd,u-62-1
sw4379B-ms98-a-0036,206.565750,207.045250,everything's,B,+,u-64-1
sw4379B-ms98-a-0036,207.045250,207.395250,taken,I,+,u-64-1
sw4379B-ms98-a-0036,207.395250,207.675250,care,I,+,u-64-1
sw4379B-ms98-a-0036,207.675250,207.825250,of,I,+,u-64-1
sw4379B-ms98-a-0036,207.825250,207.985250,and,B,sd,u-64-2
sw4379B-ms98-a-0036,207.985250,208.105250,we're,I,sd,u-64-2
sw4379B-ms98-a-0036,208.105250,208.565250,finding,I,sd,u-64-2
sw4379B-ms98-a-0036,208.565250,208.685250,that,I,sd,u-64-2
sw4379B-ms98-a-0036,208.685250,208.855250,we,I,sd,u-64-2
sw4379B-ms98-a-0036,208.855250,209.095250,even,I,sd,u-64-2
sw4379B-ms98-a-0036,209.095250,209.295250,have,I,sd,u-64-2
sw4379B-ms98-a-0036,209.295250,209.445250,more,I,sd,u-64-2
sw4379B-ms98-a-0036,209.445250,209.685250,money,I,sd,u-64-2
sw4379B-ms98-a-0036,209.685250,209.865250,than,I,sd,u-64-2
sw4379B-ms98-a-0036,209.865250,209.965250,we,I,sd,u-64-2
sw4379B-ms98-a-0036,209.965250,210.455250,thought,I,sd,u-64-2
sw4379B-ms98-a-0037,211.376625,211.664000,yeah,B,ny,u-66-1
sw4379B-ms98-a-0037,211.664000,212.677250,[laughter],O,,
sw4379B-ms98-a-0039,219.214125,219.400750,i,B,na,u-68-1
sw4379B-ms98-a-0039,219.400750,219.592375,do,I,na,u-68-1
sw4379B-ms98-a-0039,219.592375,219.962375,uh-huh,B,ny,u-68-2
sw4379B-ms98-a-0039,220.102375,220.252375,all,B,sd,u-68-3
sw4379B-ms98-a-0039,220.252375,220.332375,the,I,sd,u-68-3
sw4379B-ms98-a-0039,220.332375,220.655875,money,I,sd,u-68-3
sw4379B-ms98-a-0040,221.860125,221.995875,all,B,sd,u-70-1
sw4379B-ms98-a-0040,221.995875,222.075875,the,I,sd,u-70-1
sw4379B-ms98-a-0040,222.075875,222.395875,money,I,sd,u-70-1
sw4379B-ms98-a-0040,222.395875,222.549000,is,I,sd,u-70-1
sw4379B-ms98-a-0040,222.601750,222.845875,turned,I,sd,u-70-1
sw4379B-ms98-a-0040,222.845875,223.098375,over,I,sd,u-70-1
sw4379B-ms98-a-0040,223.098375,223.225875,to,I,sd,u-70-1
sw4379B-ms98-a-0040,223.225875,223.527500,me,I,sd,u-70-1
sw4379B-ms98-a-0042,226.893375,227.068125,yes,B,ny,u-72-1
sw4379B-ms98-a-0043,228.202625,228.292625,i,B,sd^e,u-74-1
sw4379B-ms98-a-0043,228.292625,228.502625,have,I,sd^e,u-74-1
sw4379B-ms98-a-0043,228.502625,228.607000,a,I,sd^e,u-74-1
sw4379B-ms98-a-0043,228.659750,228.822625,set,I,sd^e,u-74-1
sw4379B-ms98-a-0043,228.822625,229.162625,amount,I,sd^e,u-74-1
sw4379B-ms98-a-0043,229.162625,229.342625,it's,B,sv,u-74-2
sw4379B-ms98-a-0043,229.342625,229.602625,very,I,sv,u-74-2
sw4379B-ms98-a-0043,229.602625,230.112625,generous,I,sv,u-74-2
sw4379B-ms98-a-0043,230.112625,230.242625,and,B,sd,u-74-3
sw4379B-ms98-a-0043,230.242625,230.292625,i,I,sd,u-74-3
sw4379B-ms98-a-0043,230.292625,230.669000,usually,I,sd,u-74-3
sw4379B-ms98-a-0043,230.669000,230.872625,have,I,sd,u-74-3
sw4379B-ms98-a-0043,230.872625,231.338000,extra,I,sd,u-74-3
sw4379B-ms98-a-0043,232.001000,232.192625,and,B,sd,u-76-1
sw4379B-ms98-a-0043,232.192625,232.362625,so,I,sd,u-76-1
sw4379B-ms98-a-0043,232.362625,232.592625,then,I,sd,u-76-1
sw4379B-ms98-a-0043,232.592625,232.792625,that,I,sd,u-76-1
sw4379B-ms98-a-0043,232.792625,232.982625,can,I,sd,u-76-1
sw4379B-ms98-a-0043,232.982625,233.282625,go,I,sd,u-76-1
sw4379B-ms98-a-0043,233.282625,233.676875,um,I,sd,u-76-1
sw4379B-ms98-a-0043,234.260750,234.352625,you,I,sd,u-76-1
sw4379B-ms98-a-0043,234.352625,234.488375,know,I,sd,u-76-1
sw4379B-ms98-a-0043,234.488375,234.722625,either,I,sd,u-76-1
sw4379B-ms98-a-0043,234.722625,235.052625,back,I,sd,u-76-1
sw4379B-ms98-a-0043,235.052625,235.462625,into,I,sd,u-76-1
sw4379B-ms98-a-0043,235.462625,235.622625,our,I,sd,u-76-1
sw4379B-ms98-a-0043,235.622625,235.962625,checking,I,sd,u-76-1
sw4379B-ms98-a-0043,235.962625,236.402625,account,I,sd,u-76-1
sw4379B-ms98-a-0043,236.402625,236.562625,or,B,sd,u-76-2
sw4379B-ms98-a-0043,236.562625,236.672625,i,I,sd,u-76-2
sw4379B-ms98-a-0043,236.672625,236.862625,can,I,sd,u-76-2
sw4379B-ms98-a-0043,236.862625,237.082625,just,I,sd,u-76-2
sw4379B-ms98-a-0043,237.082625,237.392625,carry,I,sd,u-76-2
sw4379B-ms98-a-0043,237.392625,237.482625,it,I,sd,u-76-2
sw4379B-ms98-a-0043,237.482625,237.857875,over,I,sd,u-76-2
sw4379B-ms98-a-0044,238.668000,239.161750,um,B,sd,u-78-1
sw4379B-ms98-a-0044,239.641750,239.741750,you,I,sd,u-78-1
sw4379B-ms98-a-0044,239.741750,239.821750,know,I,sd,u-78-1
sw4379B-ms98-a-0044,239.821750,239.911750,there,I,sd,u-78-1
sw4379B-ms98-a-0044,239.911750,240.001750,are,I,sd,u-78-1
sw4379B-ms98-a-0044,240.001750,240.261750,certain,I,sd,u-78-1
sw4379B-ms98-a-0044,240.261750,240.481750,months,I,sd,u-78-1
sw4379B-ms98-a-0044,240.481750,240.551750,of,I,sd,u-78-1
sw4379B-ms98-a-0044,240.551750,240.621750,the,I,sd,u-78-1
sw4379B-ms98-a-0044,240.621750,240.791750,year,I,sd,u-78-1
sw4379B-ms98-a-0044,240.791750,240.891750,that,I,sd,u-78-1
sw4379B-ms98-a-0044,240.891750,241.021750,you'll,I,sd,u-78-1
sw4379B-ms98-a-0044,241.021750,241.281750,spend,I,sd,u-78-1
sw4379B-ms98-a-0044,241.281750,241.441750,more,I,sd,u-78-1
sw4379B-ms98-a-0044,241.441750,241.551000,on,I,sd,u-78-1
sw4379B-ms98-a-0044,241.630125,241.811750,food,I,sd,u-78-1
sw4379B-ms98-a-0044,241.811750,241.921750,than,I,sd,u-78-1
sw4379B-ms98-a-0044,241.921750,242.101750,other,I,sd,u-78-1
sw4379B-ms98-a-0044,242.101750,242.531750,months,I,sd,u-78-1
sw4379B-ms98-a-0044,242.531750,242.721750,and,I,sd,u-78-1
sw4379B-ms98-a-0044,243.161750,243.401750,certain,B,+,u-80-1
sw4379B-ms98-a-0044,243.401750,243.791750,times,I,+,u-80-1
sw4379B-ms98-a-0044,243.791750,243.941750,when,I,+,u-80-1
sw4379B-ms98-a-0044,243.941750,244.071750,that,I,+,u-80-1
sw4379B-ms98-a-0044,244.071750,244.191750,will,I,+,u-80-1
sw4379B-ms98-a-0044,244.191750,244.301750,be,I,+,u-80-1
sw4379B-ms98-a-0044,244.301750,244.601750,left,I,+,u-80-1
sw4379B-ms98-a-0044,244.601750,244.851750,over,I,+,u-80-1
sw4379B-ms98-a-0044,244.851750,245.021750,but,B,sd,u-80-2
sw4379B-ms98-a-0044,245.021750,245.231750,that's,I,sd,u-80-2
sw4379B-ms98-a-0044,245.231750,245.671750,completely,I,sd,u-80-2
sw4379B-ms98-a-0044,245.671750,245.791750,up,I,sd,u-80-2
sw4379B-ms98-a-0044,245.791750,245.911750,to,I,sd,u-80-2
sw4379B-ms98-a-0044,245.911750,246.061750,me,I,sd,u-80-2
sw4379B-ms98-a-0044,246.061750,246.241750,how,I,sd,u-80-2
sw4379B-ms98-a-0044,246.241750,246.341750,i,I,sd,u-80-2
sw4379B-ms98-a-0044,246.341750,246.511750,do,I,sd,u-80-2
sw4379B-ms98-a-0044,246.511750,246.787875,that,I,sd,u-80-2
sw4379B-ms98-a-0044,247.085500,247.261750,and,B,sd,u-80-3
sw4379B-ms98-a-0044,247.261750,247.446000,then,B,+,u-82-1
sw4379B-ms98-a-0044,247.495000,247.750875,um,I,+,u-82-1
sw4379B-ms98-a-0044,247.750875,247.891750,because,I,+,u-82-1
sw4379B-ms98-a-0044,247.891750,247.981750,i,I,+,u-82-1
sw4379B-ms98-a-0044,247.981750,248.181750,don't,I,+,u-82-1
sw4379B-ms98-a-0044,248.181750,248.421750,work,I,+,u-82-1
sw4379B-ms98-a-0044,248.421750,248.501750,i,I,+,u-82-1
sw4379B-ms98-a-0044,248.501750,248.701750,stay,I,+,u-82-1
sw4379B-ms98-a-0044,248.701750,248.961750,home,I,+,u-82-1
sw4379B-ms98-a-0045,249.827125,250.191625,and,B,sd,u-84-1
sw4379B-ms98-a-0045,250.191625,250.536000,so,I,sd,u-84-1
sw4379B-ms98-a-0045,250.536000,250.701625,it's,I,sd,u-84-1
sw4379B-ms98-a-0045,250.701625,250.911625,kind,I,sd,u-84-1
sw4379B-ms98-a-0045,250.911625,251.011625,of,I,sd,u-84-1
sw4379B-ms98-a-0045,251.011625,251.211625,my,I,sd,u-84-1
sw4379B-ms98-a-0045,251.211625,251.601625,money,I,sd,u-84-1
sw4379B-ms98-a-0045,251.601625,251.751625,and,B,sd,u-84-2
sw4379B-ms98-a-0045,251.751625,251.851625,i,I,sd,u-84-2
sw4379B-ms98-a-0045,251.851625,252.151625,also,I,sd,u-84-2
sw4379B-ms98-a-0045,252.151625,252.427875,get,I,sd,u-84-2
sw4379B-ms98-a-0045,252.661375,252.911625,my,I,sd,u-84-2
sw4379B-ms98-a-0045,252.911625,253.081625,own,I,sd,u-84-2
sw4379B-ms98-a-0045,253.081625,253.371625,money,I,sd,u-84-2
sw4379B-ms98-a-0045,253.371625,253.541625,to,I,sd,u-84-2
sw4379B-ms98-a-0045,253.541625,253.671625,do,I,sd,u-84-2
sw4379B-ms98-a-0045,253.671625,253.811625,what,I,sd,u-84-2
sw4379B-ms98-a-0045,253.811625,253.971625,i,I,sd,u-84-2
sw4379B-ms98-a-0045,253.971625,254.241625,want,I,sd,u-84-2
sw4379B-ms98-a-0045,254.241625,254.441625,to,I,sd,u-84-2
sw4379B-ms98-a-0045,254.441625,254.581625,go,I,sd,u-84-2
sw4379B-ms98-a-0045,254.581625,254.671625,to,I,sd,u-84-2
sw4379B-ms98-a-0045,254.671625,255.231625,lunches,I,sd,u-84-2
sw4379B-ms98-a-0045,255.231625,255.341625,you,I,sd,u-84-2
sw4379B-ms98-a-0045,255.341625,255.521625,know,I,sd,u-84-2
sw4379B-ms98-a-0045,255.521625,255.621625,and,I,sd,u-84-2
sw4379B-ms98-a-0045,255.621625,255.741625,do,I,sd,u-84-2
sw4379B-ms98-a-0045,255.741625,255.921625,that,I,sd,u-84-2
sw4379B-ms98-a-0045,255.921625,256.111625,kind,I,sd,u-84-2
sw4379B-ms98-a-0045,256.111625,256.181625,of,I,sd,u-84-2
sw4379B-ms98-a-0045,256.181625,256.502875,thing,I,sd,u-84-2
sw4379B-ms98-a-0046,257.095500,257.147875,we,B,sd,u-86-1
sw4379B-ms98-a-0046,257.147875,257.297875,have,I,sd,u-86-1
sw4379B-ms98-a-0046,257.297875,257.357875,a,I,sd,u-86-1
sw4379B-ms98-a-0046,257.357875,257.882125,clothing,I,sd,u-86-1
sw4379B-ms98-a-0046,257.967875,258.273000,um,I,sd,u-86-1
sw4379B-ms98-a-0046,258.491500,259.087875,envelope,I,sd,u-86-1
sw4379B-ms98-a-0046,259.087875,259.317875,for,I,sd,u-86-1
sw4379B-ms98-a-0046,259.317875,259.527875,each,I,sd,u-86-1
sw4379B-ms98-a-0046,259.527875,259.627875,of,I,sd,u-86-1
sw4379B-ms98-a-0046,259.627875,259.687875,the,I,sd,u-86-1
sw4379B-ms98-a-0046,259.687875,260.117875,kids,I,sd,u-86-1
sw4379B-ms98-a-0046,260.117875,260.277875,and,I,sd,u-86-1
sw4379B-ms98-a-0046,260.277875,260.407875,for,I,sd,u-86-1
sw4379B-ms98-a-0046,260.407875,260.957875,myself,I,sd,u-86-1
sw4379B-ms98-a-0046,260.957875,261.047875,and,I,sd,u-86-1
sw4379B-ms98-a-0046,261.047875,261.137875,my,I,sd,u-86-1
sw4379B-ms98-a-0046,261.137875,261.664750,husband,I,sd,u-86-1
sw4379B-ms98-a-0046,262.267875,262.397875,that,I,sd,u-86-1
sw4379B-ms98-a-0046,262.397875,262.507875,we,I,sd,u-86-1
sw4379B-ms98-a-0046,262.507875,262.857875,put,I,sd,u-86-1
sw4379B-ms98-a-0046,262.857875,263.027875,how,I,sd,u-86-1
sw4379B-ms98-a-0046,263.027875,263.387875,much,I,sd,u-86-1
sw4379B-ms98-a-0046,263.387875,263.613500,we,I,sd,u-86-1
sw4379B-ms98-a-0046,264.186000,264.457875,figure,I,sd,u-86-1
sw4379B-ms98-a-0046,264.457875,264.627875,we,I,sd,u-86-1
sw4379B-ms98-a-0046,264.627875,264.837875,need,I,sd,u-86-1
sw4379B-ms98-a-0046,264.837875,265.037875,each,I,sd,u-86-1
sw4379B-ms98-a-0046,265.037875,265.237875,month,I,sd,u-86-1
sw4379B-ms98-a-0046,265.237875,265.407875,on,I,sd,u-86-1
sw4379B-ms98-a-0046,265.407875,265.917875,clothing,I,sd,u-86-1
sw4379B-ms98-a-0047,267.303875,267.421250,it,B,sv,u-88-1
sw4379B-ms98-a-0047,267.421250,267.651250,really,I,sv,u-88-1
sw4379B-ms98-a-0047,267.651250,267.951250,works,I,sv,u-88-1
sw4379B-ms98-a-0047,267.951250,268.151250,out,I,sv,u-88-1
sw4379B-ms98-a-0047,268.151250,268.491250,great,I,sv,u-88-1
sw4379B-ms98-a-0047,268.491250,268.621250,we're,B,sd,u-88-2
sw4379B-ms98-a-0047,268.621250,268.991250,finding,I,sd,u-88-2
sw4379B-ms98-a-0047,268.991250,269.121250,that,I,sd,u-88-2
sw4379B-ms98-a-0047,269.121250,269.221250,we,I,sd,u-88-2
sw4379B-ms98-a-0047,269.221250,269.431250,have,I,sd,u-88-2
sw4379B-ms98-a-0047,269.431250,269.481250,a,I,sd,u-88-2
sw4379B-ms98-a-0047,269.481250,269.751250,lot,I,sd,u-88-2
sw4379B-ms98-a-0047,269.751250,269.901250,more,I,sd,u-88-2
sw4379B-ms98-a-0047,269.901250,270.151250,money,I,sd,u-88-2
sw4379B-ms98-a-0047,270.151250,270.291250,to,I,sd,u-88-2
sw4379B-ms98-a-0047,270.291250,270.611250,spend,I,sd,u-88-2
sw4379B-ms98-a-0047,270.611250,270.731250,on,I,sd,u-88-2
sw4379B-ms98-a-0047,270.731250,270.991250,things,I,sd,u-88-2
sw4379B-ms98-a-0047,270.991250,271.181250,like,I,sd,u-88-2
sw4379B-ms98-a-0047,271.181250,271.471250,that,I,sd,u-88-2
sw4379B-ms98-a-0047,271.961250,272.141250,and,B,%,u-88-3
sw4379B-ms98-a-0047,272.141250,272.411250,we're,I,%,u-88-3
sw4379B-ms98-a-0049,281.536500,281.899750,yes,B,ny,u-90-1
sw4379B-ms98-a-0049,281.899750,282.009750,we,B,sd^e,u-90-2
sw4379B-ms98-a-0049,282.009750,282.159750,have,I,sd^e,u-90-2
sw4379B-ms98-a-0049,282.159750,282.219750,a,I,sd^e,u-90-2
sw4379B-ms98-a-0049,282.219750,282.649750,household,I,sd^e,u-90-2
sw4379B-ms98-a-0049,282.649750,282.959750,budget,I,sd^e,u-90-2
sw4379B-ms98-a-0049,282.959750,283.149750,like,B,sd,u-90-3
sw4379B-ms98-a-0049,283.149750,283.269750,we're,I,sd,u-90-3
sw4379B-ms98-a-0049,283.269750,283.499750,going,I,sd,u-90-3
sw4379B-ms98-a-0049,283.499750,283.619750,to,I,sd,u-90-3
sw4379B-ms98-a-0049,283.619750,283.749750,need,I,sd,u-90-3
sw4379B-ms98-a-0049,283.749750,283.859750,to,I,sd,u-90-3
sw4379B-ms98-a-0049,283.859750,284.171375,buy,I,sd,u-90-3
sw4379B-ms98-a-0049,284.246750,284.399750,a,I,sd,u-90-3
sw4379B-ms98-a-0049,284.399750,284.639750,bed,I,sd,u-90-3
sw4379B-ms98-a-0049,284.639750,284.799750,for,I,sd,u-90-3
sw4379B-ms98-a-0049,284.799750,284.979750,my,I,sd,u-90-3
sw4379B-ms98-a-0049,284.979750,285.319750,daughter,I,sd,u-90-3
sw4379B-ms98-a-0049,285.319750,285.509750,that's,I,sd,u-90-3
sw4379B-ms98-a-0049,285.509750,285.799750,coming,I,sd,u-90-3
sw4379B-ms98-a-0049,285.799750,285.919750,out,I,sd,u-90-3
sw4379B-ms98-a-0049,285.919750,285.989750,of,I,sd,u-90-3
sw4379B-ms98-a-0049,285.989750,286.089750,her,I,sd,u-90-3
sw4379B-ms98-a-0049,286.089750,286.469750,crib,I,sd,u-90-3
sw4379B-ms98-a-0049,286.469750,286.699750,this,I,sd,u-90-3
sw4379B-ms98-a-0049,286.699750,286.967875,year,I,sd,u-90-3
sw4379B-ms98-a-0049,286.967875,287.099750,and,B,sd,u-92-1
sw4379B-ms98-a-0049,287.099750,287.499750,also,I,sd,u-92-1
sw4379B-ms98-a-0049,287.499750,287.739750,we,I,sd,u-92-1
sw4379B-ms98-a-0049,287.739750,287.939750,need,I,sd,u-92-1
sw4379B-ms98-a-0049,287.939750,287.979750,a,I,sd,u-92-1
sw4379B-ms98-a-0049,287.979750,288.129750,new,I,sd,u-92-1
sw4379B-ms98-a-0049,288.129750,288.463000,bed,I,sd,u-92-1
sw4379B-ms98-a-0049,288.997875,289.119750,and,B,sd,u-92-2
sw4379B-ms98-a-0049,289.119750,289.259750,so,I,sd,u-92-2
sw4379B-ms98-a-0049,289.259750,289.409750,we've,I,sd,u-92-2
sw4379B-ms98-a-0049,289.409750,289.619750,got,I,sd,u-92-2
sw4379B-ms98-a-0049,289.619750,289.819750,both,I,sd,u-92-2
sw4379B-ms98-a-0049,289.819750,289.929750,of,I,sd,u-92-2
sw4379B-ms98-a-0049,289.929750,290.109125,those,I,sd,u-92-2
sw4379B-ms98-a-0049,290.176875,290.529750,budgeted,I,sd,u-92-2
sw4379B-ms98-a-0049,290.529750,290.629750,and,B,sd,u-92-3
sw4379B-ms98-a-0049,290.629750,290.729750,we,I,sd,u-92-3
sw4379B-ms98-a-0049,290.729750,290.929750,put,I,sd,u-92-3
sw4379B-ms98-a-0049,290.929750,291.039750,a,I,sd,u-92-3
sw4379B-ms98-a-0049,291.039750,291.289750,certain,I,sd,u-92-3
sw4379B-ms98-a-0049,291.289750,291.589750,amount,I,sd,u-92-3
sw4379B-ms98-a-0049,291.589750,291.659750,in,I,sd,u-92-3
sw4379B-ms98-a-0049,291.659750,291.879750,each,I,sd,u-92-3
sw4379B-ms98-a-0049,291.879750,292.109750,month,I,sd,u-92-3
sw4379B-ms98-a-0049,292.109750,292.289750,and,B,sd,u-92-4
sw4379B-ms98-a-0049,292.449750,292.599750,we,I,sd,u-92-4
sw4379B-ms98-a-0049,292.599750,292.819750,know,I,sd,u-92-4
sw4379B-ms98-a-0049,292.819750,293.139750,which,I,sd,u-92-4
sw4379B-ms98-a-0049,293.139750,293.389750,month,I,sd,u-92-4
sw4379B-ms98-a-0049,293.389750,293.548750,we'll,I,sd,u-92-4
sw4379B-ms98-a-0049,293.548750,293.665500,have,I,sd,u-92-4
sw4379B-ms98-a-0049,293.665500,293.950375,enough,I,sd,u-92-4
sw4379B-ms98-a-0049,294.006875,294.219750,saved,I,sd,u-92-4
sw4379B-ms98-a-0049,294.219750,294.309750,to,I,sd,u-92-4
sw4379B-ms98-a-0049,294.309750,294.459750,go,I,sd,u-92-4
sw4379B-ms98-a-0049,294.459750,294.729750,buy,I,sd,u-92-4
sw4379B-ms98-a-0049,294.729750,294.999750,those,I,sd,u-92-4
sw4379B-ms98-a-0050,295.861000,296.080250,and,B,sd,u-94-1
sw4379B-ms98-a-0050,296.080250,296.236250,if,I,sd,u-94-1
sw4379B-ms98-a-0050,296.236250,296.336250,we,I,sd,u-94-1
sw4379B-ms98-a-0050,296.336250,296.666250,find,I,sd,u-94-1
sw4379B-ms98-a-0050,296.666250,296.766250,one,I,sd,u-94-1
sw4379B-ms98-a-0050,296.766250,296.926250,on,I,sd,u-94-1
sw4379B-ms98-a-0050,296.926250,297.146250,sale,I,sd,u-94-1
sw4379B-ms98-a-0050,297.146250,297.506250,before,I,sd,u-94-1
sw4379B-ms98-a-0050,297.506250,297.716250,then,I,sd,u-94-1
sw4379B-ms98-a-0050,297.716250,297.876250,then,I,sd,u-94-1
sw4379B-ms98-a-0050,297.876250,297.976250,we,I,sd,u-94-1
sw4379B-ms98-a-0050,297.976250,298.136250,can,I,sd,u-94-1
sw4379B-ms98-a-0050,298.136250,298.336250,just,I,sd,u-94-1
sw4379B-ms98-a-0050,298.336250,298.556250,take,I,sd,u-94-1
sw4379B-ms98-a-0050,298.556250,298.736250,that,I,sd,u-94-1
sw4379B-ms98-a-0050,298.736250,298.846250,and,I,sd,u-94-1
sw4379B-ms98-a-0050,298.846250,299.056250,put,I,sd,u-94-1
sw4379B-ms98-a-0050,299.056250,299.226250,it,I,sd,u-94-1
sw4379B-ms98-a-0050,299.226250,299.995750,towards,I,sd,u-94-1
sw4379B-ms98-a-0050,300.332875,300.386000,the,O,,
